range,num_rhyme_parts,example_rhyme_parts,example_words
0-5,29560,K AH0 Z;AH0 M;AH0 N,"'cause;'em,'m;'n"
5-10,2187,AA1 K AH0 N;AA1 R G;AE1 N T OW0,"aachen,conshohocken,docken;aargh,argh,barg;abanto,canto,esperanto"
10-15,777,AH1 Z;EH1 R AH0 N Z;OW1 N IY0 Z,"'twas,abuzz,buzz;aaron's,aarons,arens;abalones,berlascone's,berlusconi's"
15-20,428,IH1 S K OW0;EH1 M AH0;AA1 S AH0 N,"'frisco,briscoe,chriscoe;aardema,bultema,dilemma;aasen,bossen,chiasson"
20-25,232,IH1 Z;AE1 B Z;AH1 K T,"'tis,biz,buis;abbs,babbs,babs;abduct,bucked,chucked"
25-30,160,AO1 R S;AA1 K ER0;AW1 N,"'course,borse,bourse;aaker,bachar,bacher;abbotstown,abbottstown,brown"
30-35,110,AA2 R K S;EY1 B AH0 L;EY1 B ER0,"aardvarks,ballparks,benchmark's;abel,abell,able;aber,aybar,baber"
35-40,94,AW1 N D;EY1 T IH0 NG;AA1 S IY0,"'round,abound,aground;abating,annotating,awaiting;abbasi,anastasi,basi"
40-45,59,AW1 T;AE1 B;UW1 L AH0,"'bout,about,all-out;ab,bab,babb;abdulla,afula,arambula"
45-50,41,AA1 D;UW1 M;UW1 T S,"abad,assad,awad;abloom,assume,bloom;absolut's,beirut's,boots"
50-55,47,AA2 R K;AA1 S;AE1 SH,"aardvark,avmark,ballpark;aase,abbas,alsace;abash,asch,asche"
55-60,25,EH1 M;EH1 R AH0 N;IY1 M AH0,"a.m.,acm,alem;aaron,alaron,aran;abohalima,abouhalima,alima"
60-65,23,UW1 S;AO1 R Z;AO1 R T,"aarhus,abstruse,abuse;abhors,adores,azores;abort,assort,athwart"
65-70,14,OW1 D;IH1 L IH0 T IY0;IH1 L IY0,"abode,annaud,bestowed;accessibility,advisability,believability;achille,alfavilli,billie"
70-75,19,AA1 R IY0;EH1 D;AO1 R D,"abare,albukhari,altomare;abed,ahead,bed;abhorred,aboard,accord"
75-80,14,UW1 L;EY2 N;IH1 T,"abdul,apostolopoul,baiul;accutane,acquitaine,airplane;acquit,admit,barritt"
80-85,13,EY1 T S;EY1 L Z;EH1 T AH0,"abates,annotates,ates;abimaels,ails,ales;accetta,agneta,aleta"
85-90,8,UW1 D;AA1 T;UW1 T,"abboud,abood,aboud;abott,allot,alot;absolut,acute,astute"
90-95,9,AA1 L AH0;AE2 M;AE1 M,"abdollah,adalah,alcala;abraham,allingham,amersham;abram,alam,am"
95-100,12,AE1 K;EH1 L Z;AY1 ER0,"aback,ack,adak;abeles,adele's,adell's;acquire,attire,ayer"
100-105,10,AW2 S;AY1 D;IY1 N Z,"abbenhaus,ackhouse,alehouse;abide,allied,alongside;achenes,appleans,bean's"
105-110,7,EH1 S T;OW1 L;IY1 D,"abreast,acquiesced,addressed;abrol,boal,boehl;accede,agreed,aidid"
110-115,10,EH1 S;IH1 L;EY2 L,"'s,abs,acquiesce;'til,abril,antill;abigail,airedale,airmail"
115-120,5,EY1 T;OW1 L AH0;AA2 R,"abate,ablate,actuate;abiola,accola,agricola;acustar,adelaar,aerostar"
120-125,4,EH1 N;AA1 K;AO1 N,"'gain,adrienne,again;ad-hoc,adcock,alcock;adon,aguillon,aleron"
125-130,6,AA2;AO2 R;IY2 Z,"aaliyah,accra,apia;aancor,accor,acetochlor;abc's,abcs,abilities"
130-135,1,IY2 L D,"airfield,armfield,backfield"
135-140,3,EY1 D;EH1 R AH0;OW1 Z,"abrade,ade,afraid;acerra,aguilera,altera;arose,bestows,bio's"
140-145,1,AO1 R IY0,"alatorre,apriori,basore"
145-150,4,OW2 N;AY2;AA2 K,"acetone,aimone,airfone;acidify,alibi,alkali;adblock,afflerbach,aftershock"
150-155,2,EY1 L;EH1 R IY0,"abimael,ail,ale;aerie,airey,airy"
155-160,4,EH1 L OW0;UW2;AY2 Z IH0 NG,"abbatiello,agnello,aiello;advalue,ague,ainu;advertising,aggrandizing,alphabetizing"
160-165,2,OW2 Z;OW1 N,"aburto's,aeromexico's,afterglows;alone,arone,athlone"
165-170,2,UW1 Z;AO1 R,"'cuse,accrues,accuse;abhor,abor,ador"
170-175,2,UH2 D;IH1 N S K IY0,"adulthood,allenwood,allgood;babinski,baginski,balinski"
175-180,5,EH2 K;AA1 N;IH1 R,"abcotek,adaptec,adtec;abidjan,abron,alcon;adhere,alvear,amir"
180-185,3,IH2 L;AE1 N;AO1 F S K IY0,"advil,albertville,amityville;ahn,an,ann;bakowski,bankowski,baranowski"
185-190,0,,
190-195,4,EY1 Z;IY2 N;AY2 D,"a's,a.'s,a.s;aberdeen,abilene,acetylene;accuride,acidified,actinide"
195-200,2,EH1 R;EH2 L,"abair,adair,adaire;abdel,aiguebelle,alcatel"
200-205,1,AA1 R,"abattoir,adar,afar"
205-210,1,AY2 T,"acolyte,airtight,albright"
210-215,0,,
215-220,3,EH1 L AH0;IH2 Z AH0 M;EH2 R IY0,"abdella,abela,abella;abolitionism,absolutism,activism;adversary,ancillary,apothecary"
220-225,1,AY2 Z D,"accessorized,advertised,africanized"
225-230,1,OW1 N IY0,"abalone,aloni,andreoni"
230-235,0,,
235-240,1,IY1 N AH0,"acaena,adamina,adina"
240-245,1,EY2 T S,"abbreviates,abdicates,accelerates"
245-250,0,,
250-255,0,,
255-260,0,,
260-265,3,AY2 N;AA1 N OW0;IY1 N OW0,"actodine,adeline,aerodyne;adriano,albano,alfano;agostino,alvino,ambrosino"
265-270,1,IY1 N IY0,"adine,agostini,albertini"
270-275,1,EY1 N,"abstain,ahlen,aine"
275-280,0,,
280-285,0,,
285-290,0,,
290-295,1,EY2 T IH0 NG,"abbreviating,abdicating,abrogating"
295-300,3,EY2 T IH0 D;IY1 Z;IY1 N,"abbreviated,abdicated,abrogated;abductees,abdulaziz,absentees;achene,agin,aileen"
300-305,0,,
305-310,0,,
310-315,0,,
315-320,0,,
320-325,2,UW1;EY2,"abou,abreu,accrue;accuray,afsane,airway"
325-330,1,AY2 Z,"accessorize,acidifies,actualize"
330-335,0,,
335-340,1,EY1 SH AH0 N Z,"abbreviations,aberrations,abominations"
340-345,1,EH1 T,"abbett,abet,allset"
345-350,1,EH1 L,"abele,accel,adel"
350-355,0,,
355-360,1,EY1,"'kay,a.,aaa"
360-365,0,,
365-370,0,,
370-375,0,,
375-380,1,OW1,"aglo,aglow,ago"
380-385,0,,
385-390,0,,
390-395,0,,
395-400,0,,
400-405,0,,
405-410,0,,
410-415,0,,
415-420,0,,
420-425,0,,
425-430,0,,
430-435,0,,
435-440,0,,
440-445,0,,
445-450,0,,
450-455,1,IY1,"a.d.,abd,abductee"
455-460,0,,
460-465,0,,
465-470,0,,
470-475,0,,
475-480,1,EY2 T,"abbreviate,abdicate,abrogate"
480-485,0,,
485-490,0,,
490-495,0,,
495-500,0,,
500-505,0,,
505-510,0,,
510-515,0,,
515-520,1,IY2,"aarti,abc,ability"
520-525,0,,
525-530,0,,
530-535,0,,
535-540,0,,
540-545,0,,
545-550,0,,
550-555,1,OW2,"abaco,aburto,adagio"
555-560,0,,
560-565,0,,
565-570,0,,
570-575,0,,
575-580,0,,
580-585,0,,
585-590,0,,
590-595,0,,
595-600,0,,
600-605,0,,
605-610,0,,
610-615,0,,
615-620,0,,
620-625,0,,
625-630,0,,
630-635,0,,
635-640,0,,
640-645,0,,
645-650,0,,
650-655,0,,
655-660,0,,
660-665,0,,
665-670,0,,
670-675,0,,
675-680,0,,
680-685,0,,
685-690,0,,
690-695,0,,
695-700,0,,
700-705,0,,
705-710,0,,
710-715,0,,
715-720,0,,
720-725,0,,
725-730,0,,
730-735,0,,
735-740,0,,
740-745,0,,
745-750,0,,
750-755,0,,
755-760,0,,
760-765,0,,
765-770,0,,
770-775,0,,
775-780,0,,
780-785,0,,
785-790,0,,
790-795,0,,
795-800,0,,
800-805,1,EY1 SH AH0 N,"abbreviation,abdication,aberration"
