range,num_rhyme_parts,example_rhyme_parts,example_words,example_family_sizes
0-5,29560,AY1 D ER0 M AE0 N;ER1 M AH0 B AH0 L;EY1 V AH0 N TH AA0 L,"spiderman,spider-man;confirmable;laventhol",2;1;1
5-10,2187,AE1 N D L ER0;IH1 SH M AH0 N;EY1 JH AH0 S,"chandler,landler,sandler;crishman,dishman,frishman;disadvantageous,contagious,advantageous",7;9;5
10-15,777,AW1 Z ER0;AY2 L Z;AO1 F M AH0 N,"browser,rouser,cowser;stockpiles,turnstiles,profiles;koffman,kaufman,coffman",10;11;11
15-20,428,IH1 N ER0;EH1 D AH0 L;AY1 T AH0 S,"cwynar,binner,inner;weddle,meddle,redell;bronchitis,osteoarthritis,detritus",18;19;16
20-25,232,ER2 D;AW2;OW1 L M AH0 N,"watchword,firebird,keyword;southpaw,heehaw,yarbough;goleman,ohlman,colman",22;23;22
25-30,160,EH1 G;AH1 N T;AE2 N Z,"neg,hegge,kegg;bunt,blunt,vanbrunt;lumberman's,businessman's,bedpans",26;26;25
30-35,110,IH1 R D;EY1 SH AH0 N AH0 L;AO1 D,"neared,eared,premiered;foundational,invitational,operational;awed,laude,mod",33;34;31
35-40,94,EY1 D AH0 N;AE1 T AH0 N;EH1 K T S,"blaydon,jayden,saidan;bratten,batten,matton;directs,recollects,rejects",35;37;35
40-45,59,AA1 W AH0;AE2 F T;AA1 R D IY0,"kurokawa,fujisawa,ninagawa;photographed,tandycraft,overdraft;hardie,ilardi,tardy",40;43;44
45-50,41,AE1 D;EY1 M;ER1 Z,"tad,mad,vlad;name,rhame,acclaim;incurs,purrs,monsieurs",47;45;46
50-55,47,UW1 IY0;AE2 T;IH1 L Z,"ennui,duey,grenouille;democrat,aristocrat,format;frills,nils,refills",51;53;53
55-60,25,EH1 M;IY1 M AH0;AA1 K IY0,"a.m.,kem,stemm;rozema,prima,abouhalima;narazaki,takaki,arakaki",59;58;57
60-65,23,IY1 M;AY2 N Z;AA1 D AH0,"hakeem,deam,rheem;deadlines,firesign's,outshines;ghada,wada,zada",64;62;64
65-70,14,IY1 K OW0;EY2 K ER0;EY2 T AH0 D,"pico,seaco,leeco;toolmaker,newsmaker,hawbaker;laminated,consummated,operated",66;67;68
70-75,19,AA1 M;AA1 N IH0 K;AA1 R IY0,"cdrom,salam,cnn.com;embryonic,hypersonic,plutonic;pary,dicesare,safari",72;73;71
75-80,14,IY1 T OW0;UW1 L;IH1 T S,"incognito,benito,romito;juel,joule,rule;gritz,fitts,sits",78;75;78
80-85,13,IH1 K;OW1 L IY0;EY1 L Z,"frick,wyk,fricke;croley,coley,goalie;snails,curtails,hayles",83;81;82
85-90,8,AA1 T;EH2 T;EH1 R Z,"demott,lat,flott;raynet,driftnet,subset;unawares,shares',hare's",88;86;86
90-95,9,AE2 M;EY2 T ER0 Z;AA1 L AH0,"gooderham,telegram,cockerham;excavators,penetrators,calculators;lasala,pendyala,zabala",90;93;92
95-100,12,EH2 K S;EH1 L Z;ER1,"natec's,multiplex,discotheques;rintels',cells,wells;slur,blur,restaurateur",98;97;98
100-105,10,IY1 K;IY1 T;AW2 S,"bespeak,geek,weak;feat,vliet,noncompete;trusthouse,niehaus,poorhouse",101;101;101
105-110,7,IY1 D;EH1 S T;AY1 T,"thede,aristide,schmead;attest,request,indigest;enwright,white,uptight",106;106;105
110-115,10,UW1 N;AA2 R T;EH1 S,"picayune,karoun,immune;bogart,pickart,baumhardt;kless,presse,pless",112;112;114
115-120,5,AA2 R;OW1 L AH0;AY1 Z,"texstar,amstar,superbar;winola,cacciola,oriola;revise,mies,dyes",117;119;118
120-125,4,AA1 K;AO1 N;AA2 N,"waack,schlock,kok;schwahn,montavon,dawn;digicon,symtron,farrakhan",124;124;122
125-130,6,EY2 Z;IY2 Z;AE2 N,"polyphase,birthdays,kokate's;companies,testes,maggie's;propfan,contran,janeane",128;128;126
130-135,1,IY2 L D,"bluefield,barfield,marshfield",131
135-140,3,EH1 R AH0;OW1 Z;EY1 D,"portera,cartera,cabrera;ohs,noes,grows;crusade,mcquaid,crocheted",139;139;139
140-145,1,AO1 R IY0,"lawrie,mauri,priore",141
145-150,4,AA2 K;OW2 N;AY2,"weinbach,wheelock,kilmarnock;spallone,folkstone,anzalone;vilify,mordecai,codify",145;146;145
150-155,2,EH1 R IY0;EY1 L,"wary,ameri,delleri;scale,quale,hale",154;154
155-160,4,EH1 L OW0;AY2 Z IH0 NG;UW2,"jello,mellow,deangelo;sodomizing,oxidizing,mischaracterizing;netanyahu,purview,nangaku",156;156;155
160-165,2,OW1 N;OW2 Z,"throne,flown,catone;pharos,tomorrow's,navajos",161;160
165-170,2,AO1 R;UW1 Z,"cavalli-sfor,mazor,lahore;boos,newport-news,cruise",166;166
170-175,2,IH1 N S K IY0;UH2 D,"lozinski,plucinski,cominsky;elmwood,wedgwood,girlhood",171;170
175-180,5,AY1;IY1 L;AA1 N,"underly,sly,sundai;biehl,seale,deal;kahan,xuan,pecan",179;179;179
180-185,3,IH2 L;AE1 N;AO1 F S K IY0,"joy-thrill,belville,catskill;spann,shan,jahn;petrowski,fialkowski,landowski",181;181;182
185-190,0,,,
190-195,4,EH1 L IY0;IY2 N;EY1 Z,"cimorelli,berardinelli,polsinelli;libertine,glycine,gold-green;conveys,chaise,re's",191;192;190
195-200,2,EH1 R;EH2 L,"nair,care,corriere;nutshell,cogswell,wiltel",197;198
200-205,1,AA1 R,"bejar,dzhokhar,shahar",201
205-210,1,AY2 T,"granulocyte,fortnight,gathright",206
210-215,0,,,
215-220,3,EH1 L AH0;IH2 Z AH0 M;EH2 R IY0,"panella,patella,cappella;provincialism,nativism,negativism;corollary,casselberry,newberry",219;216;217
220-225,1,AY2 Z D,"sodomized,sanitized,sympathized",223
225-230,1,OW1 N IY0,"santone,cascone,rigoni",225
230-235,0,,,
235-240,1,IY1 N AH0,"zenina,galiena,aretina",235
240-245,1,EY2 T S,"postulates,motivates,educates",244
245-250,0,,,
250-255,0,,,
255-260,0,,,
260-265,3,AY2 N;IY1 N OW0;AA1 N OW0,"on-line,akamine,lowenstein;gambino,cupertino,godino;fasano,distefano,rosano",261;263;264
265-270,1,IY1 N IY0,"corsini,seraphine,albertini",266
270-275,1,EY1 N,"attain,mcgrane,beauchaine",270
275-280,0,,,
280-285,0,,,
285-290,0,,,
290-295,1,EY2 T IH0 NG,"excavating,permeating,liberating",290
295-300,3,IY1 Z;IY1 N;EY2 T IH0 D,"mcgee's,deas,fejes;glasheen,wien,aleen;terminated,agitated,decelerated",298;299;297
300-305,0,,,
305-310,0,,,
310-315,0,,,
315-320,0,,,
320-325,2,UW1;EY2,"richoux,cpu,treu;garroway,travelday,beaujolais",320;322
325-330,1,AY2 Z,"revolutionize,satisfies,trivialize",329
330-335,0,,,
335-340,1,EY1 SH AH0 N Z,"congregations,hospitalizations,insinuations",335
340-345,1,EH1 T,"lerette,colette,furlett",340
345-350,1,EH1 L,"estelle,url,shell",346
350-355,0,,,
355-360,1,EY1,"say,coday,survey",356
360-365,0,,,
365-370,0,,,
370-375,0,,,
375-380,1,OW1,"garceau,meaux,trow",375
380-385,0,,,
385-390,0,,,
390-395,0,,,
395-400,0,,,
400-405,0,,,
405-410,0,,,
410-415,0,,,
415-420,0,,,
420-425,0,,,
425-430,0,,,
430-435,0,,,
435-440,0,,,
440-445,0,,,
445-450,0,,,
450-455,1,IY1,"emcee,partee,si",454
455-460,0,,,
460-465,0,,,
465-470,0,,,
470-475,0,,,
475-480,1,EY2 T,"rejuvenate,integrate,frustrate",476
480-485,0,,,
485-490,0,,,
490-495,0,,,
495-500,0,,,
500-505,0,,,
505-510,0,,,
510-515,0,,,
515-520,1,IY2,"dnc,tomography,doubletree",516
520-525,0,,,
525-530,0,,,
530-535,0,,,
535-540,0,,,
540-545,0,,,
545-550,0,,,
550-555,1,OW2,"woolco,kosovo,dipierro",551
555-560,0,,,
560-565,0,,,
565-570,0,,,
570-575,0,,,
575-580,0,,,
580-585,0,,,
585-590,0,,,
590-595,0,,,
595-600,0,,,
600-605,0,,,
605-610,0,,,
610-615,0,,,
615-620,0,,,
620-625,0,,,
625-630,0,,,
630-635,0,,,
635-640,0,,,
640-645,0,,,
645-650,0,,,
650-655,0,,,
655-660,0,,,
660-665,0,,,
665-670,0,,,
670-675,0,,,
675-680,0,,,
680-685,0,,,
685-690,0,,,
690-695,0,,,
695-700,0,,,
700-705,0,,,
705-710,0,,,
710-715,0,,,
715-720,0,,,
720-725,0,,,
725-730,0,,,
730-735,0,,,
735-740,0,,,
740-745,0,,,
745-750,0,,,
750-755,0,,,
755-760,0,,,
760-765,0,,,
765-770,0,,,
770-775,0,,,
775-780,0,,,
780-785,0,,,
785-790,0,,,
790-795,0,,,
795-800,0,,,
800-805,1,EY1 SH AH0 N,"incapacitation,celebration,bifurcation",802
